mean,median,mode,min,p25,p75,max,seconds
4.95522e+17,489166043538815805,144712821894,2678083930,245820444065680938,744582576956182999,999999993165309480,3.55521
