threads,time_s
1,26.6404702
2,14.181335
4,7.7910278
6,6.4273574
8,5.523862
10,4.8605116
12,4.4349722
14,3.9333122
16,3.5712258
