threads,time_s
1,296.5348384
2,150.156699
4,74.2442644
6,59.737645
8,48.952178
10,43.0478044
12,37.6945758
14,34.3252128
16,33.8627402
